Workbook

Sheet Data & Model
A1: Branch | B1: Store_Name | C1: Aug | D1: Sep | E1: Oct | F1: Nov | G1: Dec | H1: Avg_Attach | I1: Long Term Trend | J1: Volatility | K1: Recent Trend | L1: Category | M1: January Attach % Prediction
A2: Delhi_Ncr | B2: Delhi(Janakpuri) Br | C2: 0.24 | D2: 0.25 | E2: 0.16 | F2: 0.17 | G2: 0.23 | H2: =AVERAGE(C2:G2) -> 0.21 | I2: =G2-C2 -> -0.01 | J2: =STDEV(C2:G2) -> 0.041833001 | K2: =G2 - F2 -> 0.06 | L2: =IF(H2>=40%,"Champion", IF(H2>=25%,"Stable", IF(H2>=15%,"Opportunity", "Critical"))) -> Opportunity | M2: =(AVERAGE($E2:$G2)*0.7 + $G2*0.3) -> 0.19966667
A3: Delhi_Ncr | B3: Haryana(Gurgaon) Br | C3: 0.04 | D3: 0.28 | E3: 0.15 | F3: 0.26 | G3: 0.21 | H3: =AVERAGE(C3:G3) -> 0.188 | I3: =G3-C3 -> 0.17 | J3: =STDEV(C3:G3) -> 0.09679876 | K3: =G3 - F3 -> -0.05 | L3: =IF(H3>=40%,"Champion", IF(H3>=25%,"Stable", IF(H3>=15%,"Opportunity", "Critical"))) -> Opportunity | M3: =(AVERAGE($E3:$G3)*0.7 + $G3*0.3) -> 0.20766667
A4: Delhi_Ncr | B4: Up(Greater Noida) Br | C4: 0.43 | D4: 0.41 | E4: 0.3 | F4: 0.36 | G4: 0.25 | H4: =AVERAGE(C4:G4) -> 0.35 | I4: =G4-C4 -> -0.18 | J4: =STDEV(C4:G4) -> 0.075166482 | K4: =G4 - F4 -> -0.11 | L4: =IF(H4>=40%,"Champion", IF(H4>=25%,"Stable", IF(H4>=15%,"Opportunity", "Critical"))) -> Stable | M4: =(AVERAGE($E4:$G4)*0.7 + $G4*0.3) -> 0.28733333
A5: Pune | B5: Pune(Bhosari) Br | C5: 0.32 | D5: 0.13 | E5: 0.36 | F5: 0.33 | G5: 0.33 | H5: =AVERAGE(C5:G5) -> 0.294 | I5: =G5-C5 -> 0.01 | J5: =STDEV(C5:G5) -> 0.092897793 | K5: =G5 - F5 -> 0 | L5: =IF(H5>=40%,"Champion", IF(H5>=25%,"Stable", IF(H5>=15%,"Opportunity", "Critical"))) -> Stable | M5: =(AVERAGE($E5:$G5)*0.7 + $G5*0.3) -> 0.337
A6: Gujarat | B6: Ahmedabad(Maninagar) Br | C6: 0.17 | D6: 0.21 | E6: 0.14 | F6: 0.11 | G6: 0.19 | H6: =AVERAGE(C6:G6) -> 0.164 | I6: =G6-C6 -> 0.02 | J6: =STDEV(C6:G6) -> 0.039749214 | K6: =G6 - F6 -> 0.08 | L6: =IF(H6>=40%,"Champion", IF(H6>=25%,"Stable", IF(H6>=15%,"Opportunity", "Critical"))) -> Opportunity | M6: =(AVERAGE($E6:$G6)*0.7 + $G6*0.3) -> 0.15966667
A7: Pune | B7: Pune(Nagar Road) Br | C7: 0.21 | D7: 0.11 | E7: 0.17 | F7: 0.35 | G7: 0.46 | H7: =AVERAGE(C7:G7) -> 0.26 | I7: =G7-C7 -> 0.25 | J7: =STDEV(C7:G7) -> 0.14247807 | K7: =G7 - F7 -> 0.11 | L7: =IF(H7>=40%,"Champion", IF(H7>=25%,"Stable", IF(H7>=15%,"Opportunity", "Critical"))) -> Stable | M7: =(AVERAGE($E7:$G7)*0.7 + $G7*0.3) -> 0.36666667
A8: Pune | B8: Pune(Chinchwad) Br | C8: 0.26 | D8: 0.17 | E8: 0.3 | F8: 0.31 | G8: 0.29 | H8: =AVERAGE(C8:G8) -> 0.266 | I8: =G8-C8 -> 0.03 | J8: =STDEV(C8:G8) -> 0.056833089 | K8: =G8 - F8 -> -0.02 | L8: =IF(H8>=40%,"Champion", IF(H8>=25%,"Stable", IF(H8>=15%,"Opportunity", "Critical"))) -> Stable | M8: =(AVERAGE($E8:$G8)*0.7 + $G8*0.3) -> 0.297
A9: Thane | B9: Bhiwandi Br | C9: 0.39 | D9: 0.21 | E9: 0.33 | F9: 0.44 | G9: 0.44 | H9: =AVERAGE(C9:G9) -> 0.362 | I9: =G9-C9 -> 0.05 | J9: =STDEV(C9:G9) -> 0.096280839 | K9: =G9 - F9 -> 0 | L9: =IF(H9>=40%,"Champion", IF(H9>=25%,"Stable", IF(H9>=15%,"Opportunity", "Critical"))) -> Stable | M9: =(AVERAGE($E9:$G9)*0.7 + $G9*0.3) -> 0.41433333
A10: Delhi_Ncr | B10: Up (Noida Sec.18) Br | C10: 0.21 | D10: 0.26 | E10: 0.21 | F10: 0.22 | G10: 0.19 | H10: =AVERAGE(C10:G10) -> 0.218 | I10: =G10-C10 -> -0.02 | J10: =STDEV(C10:G10) -> 0.025884358 | K10: =G10 - F10 -> -0.03 | L10: =IF(H10>=40%,"Champion", IF(H10>=25%,"Stable", IF(H10>=15%,"Opportunity", "Critical"))) -> Opportunity | M10: =(AVERAGE($E10:$G10)*0.7 + $G10*0.3) -> 0.20166667
A11: Pune | B11: Pune(Baner) Br | C11: 0.19 | D11: 0.19 | E11: 0.29 | F11: 0.25 | G11: 0.26 | H11: =AVERAGE(C11:G11) -> 0.236 | I11: =G11-C11 -> 0.07 | J11: =STDEV(C11:G11) -> 0.044497191 | K11: =G11 - F11 -> 0.01 | L11: =IF(H11>=40%,"Champion", IF(H11>=25%,"Stable", IF(H11>=15%,"Opportunity", "Critical"))) -> Opportunity | M11: =(AVERAGE($E11:$G11)*0.7 + $G11*0.3) -> 0.26466667
A12: Delhi_Ncr | B12: Delhi(Hauz Khas) | C12: 0.56 | D12: 0.8 | E12: 0.52 | F12: 0.6 | G12: 0.63 | H12: =AVERAGE(C12:G12) -> 0.622 | I12: =G12-C12 -> 0.07 | J12: =STDEV(C12:G12) -> 0.1077961 | K12: =G12 - F12 -> 0.03 | L12: =IF(H12>=40%,"Champion", IF(H12>=25%,"Stable", IF(H12>=15%,"Opportunity", "Critical"))) -> Champion | M12: =(AVERAGE($E12:$G12)*0.7 + $G12*0.3) -> 0.59733333
A13: Delhi_Ncr | B13: Delhi(Rohini) Br | C13: 0.15 | D13: 0.09 | E13: 0.27 | F13: 0.36 | G13: 0.31 | H13: =AVERAGE(C13:G13) -> 0.236 | I13: =G13-C13 -> 0.16 | J13: =STDEV(C13:G13) -> 0.11260551 | K13: =G13 - F13 -> -0.05 | L13: =IF(H13>=40%,"Champion", IF(H13>=25%,"Stable", IF(H13>=15%,"Opportunity", "Critical"))) -> Opportunity | M13: =(AVERAGE($E13:$G13)*0.7 + $G13*0.3) -> 0.31233333
... A164: Gujarat | B164: Vadodara(Kothi Road) | C164: 0 | D164: 0 | E164: 0 | F164: 0 | G164: 0 | H164: =AVERAGE(C164:G164) -> 0 | I164: =G164-C164 -> 0 | J164: =STDEV(C164:G164) -> 0 | K164: =G164 - F164 -> 0 | L164: =IF(H164>=40%,"Champion", IF(H164>=25%,"Stable", IF(H164>=15%,"Opportunity", "Critical"))) -> Critical | M164: =(AVERAGE($E164:$G164)*0.7 + $G164*0.3) -> 0

Sheet Insights
M1: Month | N1: Avg Attach %
M2: Aug | N2: =AVERAGE('Data & Model'!C2:C164) -> 0.12858896
A3: Branch-level average attach % | M3: Sep | N3: =AVERAGE('Data & Model'!C2:F164) -> 0.1709816
A4: Branch | B4: Total | M4: Oct | N4: =AVERAGE('Data & Model'!E2:E164) -> 0.17092025
A5: Pune | B5: 0.2765 | M5: Nov | N5: =AVERAGE('Data & Model'!F2:F164) -> 0.21711656
A6: Delhi_Ncr | B6: 0.24368182 | M6: Dec | N6: =AVERAGE('Data & Model'!G2:G164) -> 0.21723926
A7: Mumbai | B7: 0.17347368
A8: Thane | B8: 0.1486
A9: Gujarat | B9: 0.13458333
A10: Telangana | B10: 0.11835
